<?xml version="1.0" encoding="UTF-8"?>
<beans xmlns="http://www.springframework.org/schema/beans"
	   xmlns:xsi="http://www.w3.org/2001/XMLSchema-instance"
	   xmlns:context="http://www.springframework.org/schema/context"
	   xmlns:jpa="http://www.springframework.org/schema/data/jpa"
	   xmlns:tx="http://www.springframework.org/schema/tx"
	   xsi:schemaLocation="http://www.springframework.org/schema/beans http://www.springframework.org/schema/beans/spring-beans.xsd
		http://www.springframework.org/schema/context http://www.springframework.org/schema/context/spring-context-4.3.xsd
		http://www.springframework.org/schema/data/jpa https://www.springframework.org/schema/data/jpa/spring-jpa.xsd
		http://www.springframework.org/schema/tx http://www.springframework.org/schema/tx/spring-tx-4.3.xsd">

	<context:annotation-config/>
	<context:component-scan base-package="com.upgrad.hirewheels"/>

	<jpa:repositories base-package="com.upgrad.hirewheels.daos"
					  entity-manager-factory-ref="entityManagerFactory"/>


	<bean id="dataSource" class="org.springframework.jdbc.datasource.DriverManagerDataSource">
		<property name="driverClassName" value="oracle.jdbc.driver.OracleDriver" />
		<property name="url" value="jdbc:oracle:thin:@localhost:1521:xe" />
		<property name="username" value="SYSTEM" />
		<property name="password" value="KAVIT1412" />
	</bean>

	<bean id="jpaVendorAdapter"
		  class="org.springframework.orm.jpa.vendor.HibernateJpaVendorAdapter" />

	<bean id="jpaDialect"
		  class="org.springframework.orm.jpa.vendor.HibernateJpaDialect" />

	<!-- Configuration for creation of Entity Manager -->
	<bean id="entityManagerFactory"
		  class="org.springframework.orm.jpa.LocalContainerEntityManagerFactoryBean">
		<property name="dataSource" ref="dataSource"/>
		<property name="jpaVendorAdapter" ref="jpaVendorAdapter"/>
		<property name="jpaDialect" ref="jpaDialect"/>
		<property name="packagesToScan" value="com.upgrad.hirewheels.models"/>
		<property name="jpaProperties">
			<props>
				<prop key="hibernate.hbm2ddl.auto">create</prop>
				<prop key="hibernate.show_sql">true</prop>
				<prop key="hibernate.dialect">org.hibernate.dialect.Oracle12cDialect</prop>
			</props>
		</property>
	</bean>

	<!-- enable the configuration of transactional behavior based on annotations -->
	<tx:annotation-driven transaction-manager="transactionManager" />
	<!-- Transactions -->
	<bean id="transactionManager" class="org.springframework.orm.jpa.JpaTransactionManager">
		<property name="entityManagerFactory" ref="entityManagerFactory" />
		<property name="dataSource" ref="dataSource" />
		<property name="jpaDialect" ref="jpaDialect" />
	</bean>



	<bean id="user1" class="com.upgrad.hirewheels.practice.User" autowire="byName">
		<property name="user_id" value="1" />
		<property name="first_name" value="Kavit" />
		<property name="last_name" value="Shah" />
		<property name="password" value="12345678" />
		<property name="email" value="kavitshah14@gmail.com" />
		<property name="mobile_no" value="9998130422" />
		<property name="wallet_money" value="100000" />
	</bean>

	<bean id="user2" class="com.upgrad.hirewheels.practice.User">
		<property name="user_id" value="2" />
		<property name="first_name" value="Naman" />
		<property name="last_name" value="Mittal" />
		<property name="password" value="1234567890" />
		<property name="email" value="mnaman567@gmail.com" />
		<property name="mobile_no" value="8858584758" />
		<property name="wallet_money" value="250000" />
	</bean>

	<bean id="balanceService" class="com.upgrad.hirewheels.practice.BalanceService">

	</bean>

	<bean id="userService" class="com.upgrad.hirewheels.practice.UserService" >
	</bean>

</beans>


